metric,value
pearson_r,-0.45613430700895474
p_value,1.4664494530217251e-5
n_counties,83
mean_elasticity,0.032522174493623136
sd_elasticity,0.018996387836333645
mean_att_variation,5.560373295291435e-18
sd_att_variation,0.04731759444983612
