moderator,estimate,std.error,statistic,p.value
avg_unemp,-0.002884050438211069,0.007824259538817456,-0.36860362618377035,0.7133731457265948
avg_y,-0.0024999606733346006,0.00797195374063883,-0.31359447817546754,0.7546253836963797
avg_poverty,0.03116764818191815,0.010119742993961522,3.0798853489180478,0.002817664554304965
avg_bachelor,-0.04101354419024361,0.010516686010102446,-3.899854398129367,1.9609957146754509e-4
avg_svi,-0.013964493459598392,0.010893585304667672,-1.2819005927841682,0.20349014355838682
is_urban,0.008702448589648387,0.00898104565302631,0.9689794402410097,0.33540486641716705
