subgroup,group,att,se,n_obs,cutoff
unemployment,high_unemp,NA,NA,2583,6
unemployment,low_unemp,-0.21019301007281949,0.13089569742081245,2646,6
baseline_y,high_baseline,-0.024596701667632708,0.0028808237318297875,2583,230.6312681832103
baseline_y,low_baseline,-0.1493606596444247,0.12149569833452481,2646,230.6312681832103
