moderator,estimate,std.error,statistic,p.value
avg_unemp,-0.0028840504382110837,0.00782425953881743,-0.36860362618377346,0.7133731457265924
avg_y,-0.0024999606733346344,0.007971953740638846,-0.3135944781754712,0.754625383696377
avg_poverty,0.03116764818191822,0.010119742993961548,3.0798853489180464,0.002817664554304978
avg_bachelor,-0.04101354419024362,0.010516686010102458,-3.8998543981293636,1.960995714675475e-4
avg_svi,-0.013964493459598425,0.010893585304667693,-1.2819005927841687,0.20349014355838668
is_urban,0.008702448589648394,0.008981045653026308,0.9689794402410107,0.33540486641716627
