metric,value
pearson_r,-0.4837707761976515
p_value,3.601396180082349e-6
n_counties,83
mean_elasticity,0.032701933832623493
sd_elasticity,0.01915327400434791
mean_att_variation,2.1736294156817824e-18
sd_att_variation,0.03423465771417532
