scenario,n_counties,mean_delta_log,mean_pct_change,sum_baseline_y_raw,sum_obba_y_raw,total_loss_approx,loss_ci_lo,loss_ci_hi
baseline,83,-0.008964806751265356,-0.8964806751265356,689258.8333333331,682869.5242586972,-6389.309074636302,-7905.511318215852,-4532.859491560483
recession,83,-0.008208738712002013,-0.8208738712002013,689258.8333333331,682924.1375943538,-6334.695738979796,NA,NA
recovery,83,-0.008889199947339022,-0.8889199947339022,689258.8333333331,682872.7834367111,-6386.049896622413,NA,NA
