scenario,n_counties,mean_delta_log,mean_pct_change,sum_baseline_y_raw,sum_obba_y_raw,total_loss_approx,loss_ci_lo,loss_ci_hi
baseline,83,-0.008964806751265413,-0.8964806751265413,689258.8333333334,682869.524258697,-6389.309074636303,-7896.1195222812885,-4541.907990703056
recession,83,-0.008208738712002065,-0.8208738712002065,689258.8333333334,682924.1375943535,-6334.695738979798,NA,NA
recovery,83,-0.008889199947339079,-0.8889199947339078,689258.8333333334,682872.783436711,-6386.049896622414,NA,NA
