metric,value
rmse_log,0.2096837256902299
mae_log,0.20064973189910795
n_obs,498
