metric,value
rmse_log,0.2110221672880184
mae_log,0.20185762765927803
n_obs,498
