group,avg_unemp_cutoff,sum_dl_effect,se,n_obs
high_unemp,6.003125,0.008168166156042544,0.004668651345100834,3690
low_unemp,6.003125,0.02494807486519287,0.005249456025735272,3780
