lag,estimate,se,ci_lower,ci_upper
0,0.0062848590242302,0.0015222019733466784,0.00330134315647071,0.00926837489198969
1,0.0012733450264107136,4.598692977737122e-4,3.7200120277423767e-4,0.0021746888500471895
2,8.277313236239045e-4,4.067460827214525e-4,3.0509001489857678e-5,0.0016249536457579514
3,7.186524657735233e-4,3.5628656960330065e-4,2.0330789351054074e-5,0.0014169741421959925
4,0.0013686174734299594,4.7867322130970666e-4,4.304179596629344e-4,0.0023068169871969845
5,0.0010435357062319184,4.3926520781054063e-4,1.8257589892325878e-4,0.001904495513540578
6,0.0022790630149309462,0.0015386665635624,-7.367234496513577e-4,0.00529484947951325
