Specification,ATT,SE,CI_lower,CI_upper,Sig
Main: Stacked (post 1-3mo),-0.04313335205980998,0.0068440098508637,-0.05654761136750283,-0.02971909275211713,***
