Specification,ATT,SE,CI_lower,CI_upper,t_stat,p_value,Sig
"Main (CS, Ant=2)",-0.059765378341769065,0.010161459588240204,-0.07968183913471986,-0.039848917548818266,5.881574179651826,4.063827496736394e-9,***
CS post 1-6mo avg,-0.05624982297155701,0.0029501742945650315,-0.062032164588904475,-0.05046748135420955,19.06661008984569,0,***
Robustness: Ant=0 (no anticipation),-0.04405079751208645,0.0074259921340485615,-0.05860574209482163,-0.029495852929351273,5.93197470680197,2.9931275236094734e-9,***
Anticipation = 0,-0.04405079751208645,0.00720276437094121,-0.058168215679131226,-0.02993337934504168,6.11581821138072,9.606277995288792e-10,***
Anticipation = 6,-0.06849903710151746,0.01165812031306464,-0.09134895291512415,-0.045649121287910766,5.875650213075448,4.211868409598196e-9,***
Excl. Wayne County,-0.21251470826086963,0.12899251827272457,-0.46534004407540974,0.040310627553670514,1.6474963905391542,0.09945605750836162,*
"Sun & Abraham (2021, full ATT)",0.0336191044612987,0.0083954447144036,0.01716403282106764,0.050074176101529755,4.004445935260613,6.216300538319786e-5,***
"Static TWFE (Ant=2, aligned)",-0.03833565828496834,0.005901677112700007,-0.04990294542586035,-0.02676837114407633,6.495722750143789,8.26356760796898e-11,***
"Static TWFE (Ant=0, comparison)",-0.0601733385733886,0.006253044178376129,-0.07242930516300582,-0.047917371983771384,9.623047088244816,0,***
