Specification,ATT,SE,CI_lower,CI_upper,t_stat,p_value,Sig
"Main (CS, Ant=2)",-0.06046919819452699,0.010323761947202153,-0.08070377161104321,-0.040234624778010764,5.857283275590714,4.705002165650285e-9,***
CS post 1-6mo avg,-0.05687474396070489,0.002973539169094996,-0.06270288073213108,-0.0510466071892787,19.12695301001024,0,***
Robustness: Ant=0 (no anticipation),-0.044530975032751705,0.007501564444491481,-0.059234041343955005,-0.029827908721548405,5.936225085082288,2.9165931891839136e-9,***
Anticipation = 0,-0.044530975032751705,0.007293936799653948,-0.05882709116007344,-0.030234858905429967,6.10520439865402,1.026692064698409e-9,***
Anticipation = 6,-0.06953680286961661,0.011722313644808649,-0.09251253761344155,-0.04656106812579166,5.932003269713887,2.9926066069663193e-9,***
Excl. Wayne County,-0.2137546656280002,0.13020870698376322,-0.4689637313161761,0.04145440006017573,1.6416311211404242,0.10066647402804674,
"Sun & Abraham (2021, full ATT)",0.0338526584460464,0.008509820035797644,0.01717341117588302,0.05053190571620979,3.97806984209312,6.94769659683736e-5,***
"Static TWFE (Ant=2, aligned)",-0.03871481179981372,0.005964596721263189,-0.050405421373489565,-0.02702420222613787,6.4907677097094085,8.540013141100644e-11,***
"Static TWFE (Ant=0, comparison)",-0.06080921562045111,0.006331781819744548,-0.07321950798715042,-0.048398923253751794,9.60380779875078,0,***
