Specification,ATT,SE,CI_lower,CI_upper,t_stat,p_value,Sig
"Main (CS, Ant=2)",-0.05976537834176942,0.01010589809357429,-0.07957293860517503,-0.03995781807836381,5.913910647859243,3.340791643324792e-9,***
CS post 1-6mo avg,-0.056249822971557804,0.0029283374722791984,-0.06198936441722503,-0.05051028152589058,19.20879116701572,0,***
Robustness: Ant=0 (no anticipation),-0.044050797512086445,0.006886946686931712,-0.0575492130184726,-0.03055238200570029,6.39627392436111,1.5921419738162967e-10,***
Anticipation = 0,-0.044050797512086445,0.007507879307028717,-0.05876624095386273,-0.02933535407031016,5.8672756594324875,4.430138034194897e-9,***
Anticipation = 6,-0.06849903710151764,0.011726753657740058,-0.09148347427068815,-0.045514599932347126,5.841261708120383,5.1806943179855125e-9,***
Excl. Wayne County,-0.052563935999980306,0.016482419719066364,-0.08486947864935038,-0.020258393350610235,3.189090976683232,0.0014272095344736169,***
"Sun & Abraham (2021, full ATT)",0.03361910446129681,0.0083954447144036,0.017164032821065753,0.05007417610152787,4.004445935260389,6.216300538319786e-5,***
"Static TWFE (Ant=2, aligned)",-0.03833565828496827,0.0059016771127000005,-0.049902945425860275,-0.02676837114407627,6.495722750143784,8.26356760796898e-11,***
"Static TWFE (Ant=0, comparison)",-0.06017333857338861,0.006253044178376115,-0.07242930516300579,-0.047917371983771426,9.623047088244837,0,***
